,Model,MSE,SD
0,Ridge,0.8669950112507117,0.30553095053608187
1,RF,0.8545051948524808,0.31985810980953555
2,XGB,0.7462151920423379,0.2900171665797861
