,Model,MSE,SD
0,Ridge,0.7768026016504919,0.2774415338276209
1,RF,0.9442652430863291,0.28781683006045705
2,XGB,0.7428204141345086,0.2841789248396189
